{
  "properties": {
    "connectionReferences": {
      "shared_commondataserviceforapps-1": {
        "runtimeSource": "embedded",
        "connection": {
          "connectionReferenceLogicalName": "ppcc_PPCCMicrosoftDataverse"
        },
        "api": {
          "name": "shared_commondataserviceforapps"
        }
      }
    },
    "definition": {
      "$schema": "https://schema.management.azure.com/providers/Microsoft.Logic/schemas/2016-06-01/workflowdefinition.json#",
      "contentVersion": "1.0.0.0",
      "parameters": {
        "$authentication": {
          "defaultValue": {},
          "type": "SecureObject"
        },
        "$connections": {
          "defaultValue": {},
          "type": "Object"
        }
      },
      "triggers": {
        "When-Inspection-Created": {
          "metadata": {
            "operationMetadataId": "f1ba32ad-f477-4649-9143-c41ba96834c0"
          },
          "type": "OpenApiConnectionWebhook",
          "inputs": {
            "parameters": {
              "subscriptionRequest/message": 4,
              "subscriptionRequest/entityname": "ppcc_inspection",
              "subscriptionRequest/scope": 4,
              "subscriptionRequest/filteringattributes": "ppcc_inspectiontypeid",
              "subscriptionRequest/filterexpression": "statuscode eq 1"
            },
            "host": {
              "apiId": "/providers/Microsoft.PowerApps/apis/shared_commondataserviceforapps",
              "operationId": "SubscribeWebhookTrigger",
              "connectionName": "shared_commondataserviceforapps-1"
            }
          }
        }
      },
      "actions": {
        "List-Rows-Checklist": {
          "runAfter": {},
          "metadata": {
            "operationMetadataId": "d90b25d5-9ce3-4fd4-a287-9ec5daee3fe3"
          },
          "type": "OpenApiConnection",
          "inputs": {
            "parameters": {
              "entityName": "ppcc_checklistitems",
              "fetchXml": "<fetch>\n  <entity name=\"ppcc_checklistitem\">\n    <attribute name=\"ppcc_inspectionareaid\" />\n    <attribute name=\"ppcc_itemname\" />\n    <link-entity name=\"ppcc_inspectionarea\" from=\"ppcc_inspectionareaid\" to=\"ppcc_inspectionareaid\" link-type=\"inner\" alias=\"area\">\n      <attribute name=\"ppcc_areaname\" />\n      <link-entity name=\"ppcc_inspectiontypearea\" from=\"ppcc_inspectionareaid\" to=\"ppcc_inspectionareaid\" link-type=\"inner\" alias=\"typearea\">\n        <filter>\n          <condition attribute=\"ppcc_inspectiontypeid\" operator=\"eq\" value=\"@{triggerOutputs()?['body/_ppcc_inspectiontypeid_value']}\" />\n        </filter>\n      </link-entity>\n    </link-entity>\n  </entity>\n</fetch>",
              "x-ms-odata-metadata-full": true
            },
            "host": {
              "apiId": "/providers/Microsoft.PowerApps/apis/shared_commondataserviceforapps",
              "operationId": "ListRecords",
              "connectionName": "shared_commondataserviceforapps-1"
            }
          }
        },
        "Foreach-Checklist-Item": {
          "foreach": "@outputs('List-Rows-Checklist')?['body/value']",
          "actions": {
            "Create-Inspection-Checklist-Item": {
              "metadata": {
                "operationMetadataId": "f035e072-6db6-47c5-aa26-1e7353e526bd"
              },
              "type": "OpenApiConnection",
              "inputs": {
                "parameters": {
                  "entityName": "ppcc_inspectionchecklistitems",
                  "item/ppcc_areaname": "@item()?['area.ppcc_areaname']",
                  "item/ppcc_InspectionId@odata.bind": "ppcc_inspections(@{triggerOutputs()?['body/ppcc_inspectionid']})",
                  "item/ppcc_name": "@items('Foreach-Checklist-Item')?['ppcc_itemname']"
                },
                "host": {
                  "apiId": "/providers/Microsoft.PowerApps/apis/shared_commondataserviceforapps",
                  "operationId": "CreateRecord",
                  "connectionName": "shared_commondataserviceforapps-1"
                }
              }
            }
          },
          "runAfter": {
            "List-Rows-Checklist": [
              "Succeeded"
            ]
          },
          "metadata": {
            "operationMetadataId": "db5b25b7-f473-4729-9726-445651d76d1c"
          },
          "type": "Foreach"
        }
      }
    },
    "templateName": null
  },
  "schemaVersion": "1.0.0.0"
}