{
  "properties": {
    "connectionReferences": {
      "shared_commondataserviceforapps-1": {
        "runtimeSource": "embedded",
        "connection": {
          "connectionReferenceLogicalName": "ppcc_PPCCMicrosoftDataverse"
        },
        "api": {
          "name": "shared_commondataserviceforapps"
        }
      }
    },
    "definition": {
      "$schema": "https://schema.management.azure.com/providers/Microsoft.Logic/schemas/2016-06-01/workflowdefinition.json#",
      "contentVersion": "1.0.0.0",
      "parameters": {
        "$authentication": {
          "defaultValue": {},
          "type": "SecureObject"
        },
        "$connections": {
          "defaultValue": {},
          "type": "Object"
        }
      },
      "triggers": {
        "Inspection-Checklist-Item-Added-Or-Modified": {
          "metadata": {
            "operationMetadataId": "95f8b62b-b125-49de-a6e9-474d47c70561"
          },
          "type": "OpenApiConnectionWebhook",
          "inputs": {
            "parameters": {
              "subscriptionRequest/message": 4,
              "subscriptionRequest/entityname": "ppcc_inspectionchecklistitem",
              "subscriptionRequest/scope": 4,
              "subscriptionRequest/filteringattributes": "ppcc_condition",
              "subscriptionRequest/filterexpression": "ppcc_condition eq 423040002"
            },
            "host": {
              "apiId": "/providers/Microsoft.PowerApps/apis/shared_commondataserviceforapps",
              "operationId": "SubscribeWebhookTrigger",
              "connectionName": "shared_commondataserviceforapps-1"
            }
          }
        }
      },
      "actions": {
        "Get-Inspection": {
          "runAfter": {},
          "metadata": {
            "operationMetadataId": "b1ba4e76-16ef-4dad-83b3-c44a82a94460"
          },
          "type": "OpenApiConnection",
          "inputs": {
            "parameters": {
              "entityName": "ppcc_inspections",
              "recordId": "@triggerOutputs()?['body/_ppcc_inspectionid_value']",
              "$select": "ppcc_inspectionid,ppcc_inspectionnumber,ppcc_issuesfound",
              "$expand": "ppcc_repairquote_InspectionId_ppcc_inspection($select=ppcc_name)"
            },
            "host": {
              "apiId": "/providers/Microsoft.PowerApps/apis/shared_commondataserviceforapps",
              "operationId": "GetItem",
              "connectionName": "shared_commondataserviceforapps-1"
            }
          }
        },
        "If-No-Existing-Quotes-And-No-Issues-Found": {
          "actions": {
            "Update-Inspection": {
              "runAfter": {
                "Perform_an_unbound_action": [
                  "Succeeded"
                ]
              },
              "metadata": {
                "operationMetadataId": "2292bd9b-d750-4149-80ab-619df9dd4c83"
              },
              "type": "OpenApiConnection",
              "inputs": {
                "parameters": {
                  "entityName": "ppcc_inspections",
                  "recordId": "@outputs('Get-Inspection')?['body/ppcc_inspectionid']",
                  "item/ppcc_issuesfound": true
                },
                "host": {
                  "apiId": "/providers/Microsoft.PowerApps/apis/shared_commondataserviceforapps",
                  "operationId": "UpdateOnlyRecord",
                  "connectionName": "shared_commondataserviceforapps-1"
                }
              }
            },
            "Perform_an_unbound_action": {
              "metadata": {
                "operationMetadataId": "a341fc91-f741-4d2e-8a6c-8489761c9a44"
              },
              "type": "OpenApiConnection",
              "inputs": {
                "parameters": {
                  "actionName": "ppcc_CreateRepairQuoteforInspection",
                  "item/InspectionNumber": "@outputs('Get-Inspection')?['body/ppcc_inspectionnumber']"
                },
                "host": {
                  "apiId": "/providers/Microsoft.PowerApps/apis/shared_commondataserviceforapps",
                  "operationId": "PerformUnboundAction",
                  "connectionName": "shared_commondataserviceforapps-1"
                }
              }
            }
          },
          "runAfter": {
            "Get-Inspection": [
              "Succeeded"
            ]
          },
          "else": {
            "actions": {}
          },
          "expression": {
            "and": [
              {
                "equals": [
                  "@length(body('Get-Inspection')?['ppcc_repairquote_InspectionId_ppcc_inspection'])",
                  0
                ]
              },
              {
                "equals": [
                  "@outputs('Get-Inspection')?['body/ppcc_issuesfound']",
                  "@false"
                ]
              }
            ]
          },
          "metadata": {
            "operationMetadataId": "6cc3220a-61a8-4168-b836-a27abdf034c4"
          },
          "type": "If",
          "description": "length(body('Get-Inspection')?['ppcc_repairquote_InspectionId_ppcc_inspection'])"
        }
      }
    },
    "templateName": null
  },
  "schemaVersion": "1.0.0.0"
}