﻿<?xml version="1.0" encoding="utf-8"?>
<ImportExportXml version="9.2.25103.142" SolutionPackageVersion="9.2" languagecode="1033" generatedBy="CrmLive" xmlns:xsi="http://www.w3.org/2001/XMLSchema-instance" OrganizationVersion="9.2.25103.142" OrganizationSchemaType="Standard" CRMServerServiceabilityVersion="9.2.25103.00142">
  <SolutionManifest>
    <UniqueName>VehicleInspections</UniqueName>
    <LocalizedNames>
      <LocalizedName description="Vehicle Inspections" languagecode="1033" />
    </LocalizedNames>
    <Descriptions />
    <Version>1.0.0.0</Version>
    <Managed>0</Managed>
    <Publisher>
      <UniqueName>PPCC25</UniqueName>
      <LocalizedNames>
        <LocalizedName description="PPCC25" languagecode="1033" />
      </LocalizedNames>
      <Descriptions>
        <Description description="PPCC25" languagecode="1033" />
      </Descriptions>
      <EMailAddress xsi:nil="true"></EMailAddress>
      <SupportingWebsiteUrl xsi:nil="true"></SupportingWebsiteUrl>
      <CustomizationPrefix>ppcc</CustomizationPrefix>
      <CustomizationOptionValuePrefix>42304</CustomizationOptionValuePrefix>
      <Addresses>
        <Address>
          <AddressNumber>1</AddressNumber>
          <AddressTypeCode>1</AddressTypeCode>
          <City xsi:nil="true"></City>
          <County xsi:nil="true"></County>
          <Country xsi:nil="true"></Country>
          <Fax xsi:nil="true"></Fax>
          <FreightTermsCode xsi:nil="true"></FreightTermsCode>
          <ImportSequenceNumber xsi:nil="true"></ImportSequenceNumber>
          <Latitude xsi:nil="true"></Latitude>
          <Line1 xsi:nil="true"></Line1>
          <Line2 xsi:nil="true"></Line2>
          <Line3 xsi:nil="true"></Line3>
          <Longitude xsi:nil="true"></Longitude>
          <Name xsi:nil="true"></Name>
          <PostalCode xsi:nil="true"></PostalCode>
          <PostOfficeBox xsi:nil="true"></PostOfficeBox>
          <PrimaryContactName xsi:nil="true"></PrimaryContactName>
          <ShippingMethodCode>1</ShippingMethodCode>
          <StateOrProvince xsi:nil="true"></StateOrProvince>
          <Telephone1 xsi:nil="true"></Telephone1>
          <Telephone2 xsi:nil="true"></Telephone2>
          <Telephone3 xsi:nil="true"></Telephone3>
          <TimeZoneRuleVersionNumber xsi:nil="true"></TimeZoneRuleVersionNumber>
          <UPSZone xsi:nil="true"></UPSZone>
          <UTCOffset xsi:nil="true"></UTCOffset>
          <UTCConversionTimeZoneCode xsi:nil="true"></UTCConversionTimeZoneCode>
        </Address>
        <Address>
          <AddressNumber>2</AddressNumber>
          <AddressTypeCode>1</AddressTypeCode>
          <City xsi:nil="true"></City>
          <County xsi:nil="true"></County>
          <Country xsi:nil="true"></Country>
          <Fax xsi:nil="true"></Fax>
          <FreightTermsCode xsi:nil="true"></FreightTermsCode>
          <ImportSequenceNumber xsi:nil="true"></ImportSequenceNumber>
          <Latitude xsi:nil="true"></Latitude>
          <Line1 xsi:nil="true"></Line1>
          <Line2 xsi:nil="true"></Line2>
          <Line3 xsi:nil="true"></Line3>
          <Longitude xsi:nil="true"></Longitude>
          <Name xsi:nil="true"></Name>
          <PostalCode xsi:nil="true"></PostalCode>
          <PostOfficeBox xsi:nil="true"></PostOfficeBox>
          <PrimaryContactName xsi:nil="true"></PrimaryContactName>
          <ShippingMethodCode>1</ShippingMethodCode>
          <StateOrProvince xsi:nil="true"></StateOrProvince>
          <Telephone1 xsi:nil="true"></Telephone1>
          <Telephone2 xsi:nil="true"></Telephone2>
          <Telephone3 xsi:nil="true"></Telephone3>
          <TimeZoneRuleVersionNumber xsi:nil="true"></TimeZoneRuleVersionNumber>
          <UPSZone xsi:nil="true"></UPSZone>
          <UTCOffset xsi:nil="true"></UTCOffset>
          <UTCConversionTimeZoneCode xsi:nil="true"></UTCConversionTimeZoneCode>
        </Address>
      </Addresses>
    </Publisher>
    <RootComponents>
      <RootComponent type="1" schemaName="contact" behavior="2" />
      <RootComponent type="1" schemaName="ppcc_checklistitem" behavior="0" />
      <RootComponent type="1" schemaName="ppcc_inspection" behavior="0" />
      <RootComponent type="1" schemaName="ppcc_inspectionarea" behavior="0" />
      <RootComponent type="1" schemaName="ppcc_inspectionchecklistitem" behavior="0" />
      <RootComponent type="1" schemaName="ppcc_inspectiontype" behavior="0" />
      <RootComponent type="1" schemaName="ppcc_inspectiontypearea" behavior="0" />
      <RootComponent type="1" schemaName="ppcc_repairquote" behavior="0" />
      <RootComponent type="1" schemaName="ppcc_vehicle" behavior="0" />
      <RootComponent type="1" schemaName="ppcc_vehiclemanufacturer" behavior="0" />
      <RootComponent type="1" schemaName="ppcc_vehiclemodel" behavior="0" />
      <RootComponent type="1" schemaName="ppcc_vehiclemodelyear" behavior="0" />
      <RootComponent type="1" schemaName="ppcc_vehicletrim" behavior="0" />
      <RootComponent type="20" id="{1c82f5cd-d186-f011-b4cc-000d3af37bb2}" behavior="0" />
      <RootComponent type="20" id="{9a1f1806-a6a8-f011-bbd3-0022483ea62a}" behavior="0" />
      <RootComponent type="20" id="{a8d34ae5-a6a8-f011-bbd3-6045bd5eea76}" behavior="0" />
      <RootComponent type="29" id="{21e47c9b-e1a0-f011-bbd2-0022483ea62a}" behavior="0" />
      <RootComponent type="29" id="{236d1ec4-1268-f011-bec1-002248b02782}" behavior="0" />
      <RootComponent type="29" id="{7ccf917a-6fbd-4715-baa7-4d7bd82a9d59}" behavior="0" />
      <RootComponent type="29" id="{855698b2-3293-f011-b41c-000d3af37bb2}" behavior="0" />
      <RootComponent type="29" id="{c18726be-2d67-f011-bec1-002248b02782}" behavior="0" />
      <RootComponent type="29" id="{ce0a35ee-90a0-f011-bbd2-7ced8da69034}" behavior="0" />
      <RootComponent type="29" id="{e15d5389-caaf-f011-bbd3-7c1e525483ed}" behavior="0" />
      <RootComponent type="61" schemaName="ppcc_Car" behavior="0" />
      <RootComponent type="61" schemaName="ppcc_Checklist" behavior="0" />
      <RootComponent type="61" schemaName="ppcc_Inspection" behavior="0" />
      <RootComponent type="61" schemaName="ppcc_InspectionArea" behavior="0" />
      <RootComponent type="61" schemaName="ppcc_InspectionType" behavior="0" />
      <RootComponent type="61" schemaName="ppcc_InspectionTypeArea" behavior="0" />
      <RootComponent type="61" schemaName="ppcc_Manufacturer" behavior="0" />
      <RootComponent type="61" schemaName="ppcc_RepairQuote" behavior="0" />
      <RootComponent type="61" schemaName="ppcc_VehicleModel" behavior="0" />
      <RootComponent type="62" schemaName="ppcc_VehicleInspectionManagement" behavior="0" />
      <RootComponent type="80" schemaName="ppcc_VehicleInspectionManagement" behavior="0" />
      <RootComponent type="9" schemaName="ppcc_checklistitemcondition" behavior="0" />
      <RootComponent type="9" schemaName="ppcc_customerdecision" behavior="0" />
      <RootComponent type="9" schemaName="ppcc_odometerunitofmeasure" behavior="0" />
      <RootComponent type="9" schemaName="ppcc_passedfailed" behavior="0" />
      <RootComponent type="9" schemaName="ppcc_vehiclecolor" behavior="0" />
    </RootComponents>
    <MissingDependencies>
      <MissingDependency>
        <Required type="61" schemaName="msdyn_/Images/AppModule_Default_Icon.png" displayName="msdyn_/Images/AppModule_Default_Icon.png" solution="AppModuleWebResources (2.5)">
          <package appName="AppModule Web Resources Package" version="2.5">AppModuleWebResources (2.5)</package>
        </Required>
        <Dependent type="80" schemaName="ppcc_VehicleInspectionManagement" displayName="Vehicle Inspection Management" />
      </MissingDependency>
      <MissingDependency>
        <Required type="66" schemaName="Microsoft.PowerApps.PowerAppsOneGrid" displayName="Microsoft.PowerApps.PowerAppsOneGrid" solution="BaseCustomControlsCore (9.0.2510.3009)">
          <package appName="Base Custom Controls" version="9.0.2510.3009">BaseCustomControlsCore (9.0.2510.3009)</package>
        </Required>
        <Dependent type="60" displayName="Information" parentDisplayName="Inspection" id="{dc8b33c7-14ee-46f2-a91e-e887d94cb5ef}" />
      </MissingDependency>
      <MissingDependency>
        <Required type="SettingDefinition" displayName="AppChannel" solution="msdyn_AppFrameworkInfraExtensions (1.0.0.15)" id.uniquename="AppChannel">
          <package appName="PowerAppsAppFramework Package" version="1.0.0.23">PowerAppsAppFramework_Anchor (1.0.0.23)</package>
        </Required>
        <Dependent type="AppSetting" displayName="parentappmoduleid.uniquename=ppcc_VehicleInspectionManagement,settingdefinitionid.uniquename=AppChannel" id.parentappmoduleid.uniquename="ppcc_VehicleInspectionManagement" id.settingdefinitionid.uniquename="AppChannel" />
      </MissingDependency>
    </MissingDependencies>
  </SolutionManifest>
</ImportExportXml>