<customapi uniquename="ppcc_CreateRepairQuoteforInspection">
  <allowedcustomprocessingsteptype>1</allowedcustomprocessingsteptype>
  <bindingtype>0</bindingtype>
  <description default="Creates a Repair Quote record and associates it to the specified Inspection">
    <label description="Creates a Repair Quote record and associates it to the specified Inspection" languagecode="1033" />
  </description>
  <displayname default="Create Repair Quote for Inspection">
    <label description="Create Repair Quote for Inspection" languagecode="1033" />
  </displayname>
  <fxexpressionid>
    <uniquename>ppcc_CreateRepairQuoteforInspection</uniquename>
  </fxexpressionid>
  <iscustomizable>1</iscustomizable>
  <isfunction>0</isfunction>
  <isprivate>0</isprivate>
  <name>Create Repair Quote for Inspection</name>
  <plugintypeid>
    <plugintypeexportkey>462b3e8f-beb4-4981-9b87-a60c2162a9f7</plugintypeexportkey>
  </plugintypeid>
  <workflowsdkstepenabled>0</workflowsdkstepenabled>
</customapi>