{
  "SchemaVersion": "1.0",
  "solutionParameters": {
    "VehicleInspections": {
      "components": [
        {
          "ComponentName": "",
          "ComponentTypeName": "connectionreference",
          "Attributes": {
            "Count": 4,
            "Keys": [
              "connectionreferencelogicalname",
              "connectionreferencedisplayname",
              "description",
              "connectorid"
            ],
            "Values": [
              "ppcc_PPCCMicrosoftDataverse",
              "PPCC Microsoft Dataverse",
              null,
              "/providers/Microsoft.PowerApps/apis/shared_commondataserviceforapps"
            ]
          }
        },
        {
          "ComponentName": "",
          "ComponentTypeName": "connectionreference",
          "Attributes": {
            "Count": 4,
            "Keys": [
              "connectionreferencelogicalname",
              "connectionreferencedisplayname",
              "description",
              "connectorid"
            ],
            "Values": [
              "ppcc_sharedcommondataserviceforapps_d53b4",
              "Microsoft Dataverse VehicleInspections-d53b4",
              null,
              "/providers/Microsoft.PowerApps/apis/shared_commondataserviceforapps"
            ]
          }
        }
      ]
    }
  }
}