{
  "fxexpression": {
    "@uniquename": "ppcc_CreateRepairQuoteforInspection",
    "category": "0",
    "context": "{\"Tables\":[\"ppcc_inspection\",\"ppcc_repairquote\"],\"CustomApis\":[],\"ConnectionReferences\":[],\"TabularConnectionReferences\":[],\"ActionConnectorConnectionReferences\":[]}",
    "iscustomizable": "1",
    "name": "Create Repair Quote for Inspection",
    "parameters": "{\"InputParameter\":[{\"name\":\"InspectionNumber\",\"type\":10,\"required\":true,\"entityLogicalName\":null}],\"OutputParameter\":[{\"type\":10,\"name\":\"RepairQuoteNumber\",\"required\":true,\"entityLogicalName\":null}]}",
    "statecode": "0",
    "statuscode": "1"
  }
}