<entities >
  <entity name="account" displayname="Account" etc="1" primaryidfield="accountid" primarynamefield="name" disableplugins="true">
    <fields>
      <field displayname="Account Name" name="name" type="string" />
      <field displayname="Website" name="websiteurl" type="string" />
      <field displayname="Parent Account" name="parentaccountid" type="entityreference" lookupType="account" />
      <field displayname="Address 1: City" name="address1_city" type="string" />
      <field displayname="Address 1: Country/Region" name="address1_country" type="string" />
      <field displayname="Address 1: State/Province" name="address1_stateorprovince" type="string" />
      <field displayname="Address 1: Street 1" name="address1_line1" type="string" />
      <field displayname="Address 1: ZIP/Postal Code" name="address1_postalcode" type="string" />
      <field displayname="Main Phone" name="telephone1" type="string" />
      <field displayname="Preferred Method of Contact" name="preferredcontactmethodcode" type="optionsetvalue" />
      <field displayname="Do not allow Bulk Emails" name="donotbulkemail" type="bool" />
      <field displayname="Do not allow Emails" name="donotemail" type="bool" />
      <field displayname="Do not allow Mails" name="donotpostalmail" type="bool" />
      <field displayname="Do not allow Faxes" name="donotfax" type="bool" />
      <field displayname="Do not allow Phone Calls" name="donotphone" type="bool" />
      <field displayname="Email" name="emailaddress1" type="string" />
      <field displayname="Number of Employees" name="numberofemployees" type="number" />
      <field displayname="Annual Revenue" name="revenue" type="money" />
    </fields>
  </entity>
  <entity name="contact" displayname="Contact" etc="2" primaryidfield="contactid" primarynamefield="fullname" disableplugins="true">
    <fields>
      <field displayname="Last Name" name="lastname" type="string" />
      <field displayname="Business Phone" name="telephone1" type="string" />
      <field displayname="Job Title" name="jobtitle" type="string" />
      <field displayname="First Name" name="firstname" type="string" />
      <field displayname="Account" name="accountid" type="entityreference" lookupType="account" />
      <field displayname="Email" name="emailaddress1" type="string" />
      <field displayname="Address 1: City" name="address1_city" type="string" />
      <field displayname="Address 1: Country/Region" name="address1_country" type="string" />
      <field displayname="Address 1: State/Province" name="address1_stateorprovince" type="string" />
      <field displayname="Address 1: Street 1" name="address1_line1" type="string" />
      <field displayname="Address 1: ZIP/Postal Code" name="address1_postalcode" type="string" />
      <field displayname="Gender" name="gendercode" type="optionsetvalue" />
      <field displayname="Marital Status" name="familystatuscode" type="optionsetvalue" />
      <field displayname="Birthday" name="birthdate" type="datetime" />
      <field displayname="Currency" name="transactioncurrencyid" type="entityreference" lookupType="transactioncurrency" />
      <field displayname="Do not allow Emails" name="donotemail" type="bool" />
      <field displayname="Do not allow Bulk Emails" name="donotbulkemail" type="bool" />
      <field displayname="Do not allow Mails" name="donotpostalmail" type="bool" />
      <field displayname="Do not allow Faxes" name="donotfax" type="bool" />
      <field displayname="Do not allow Phone Calls" name="donotphone" type="bool" />
      <field displayname="Preferred Method of Contact" name="preferredcontactmethodcode" type="optionsetvalue" />
      <field displayname="Mobile Phone" name="mobilephone" type="string" />
      <field displayname="Full Name" name="fullname" type="string" />
    </fields>
  </entity>
  <entity name="ppcc_inspectionarea" displayname="Inspection Area" etc="10546" primaryidfield="ppcc_inspectionareaid" primarynamefield="ppcc_areaname" disableplugins="true">
    <fields>
      <field displayname="Area Name" name="ppcc_areaname" type="string" customfield="true" />
      <field displayname="Inspection Area" name="ppcc_inspectionareaid" type="guid" primaryKey="true" />
    </fields>
  </entity>
  <entity name="ppcc_inspectiontype" displayname="Inspection Type" etc="10547" primaryidfield="ppcc_inspectiontypeid" primarynamefield="ppcc_type" disableplugins="true">
    <fields>
      <field displayname="Type" name="ppcc_type" type="string" customfield="true" />
      <field displayname="Description" name="ppcc_description" type="string" customfield="true" />
      <field displayname="Inspection Type" name="ppcc_inspectiontypeid" type="guid" primaryKey="true" />
    </fields>
  </entity>
  <entity name="ppcc_inspectiontypearea" displayname="Inspection Type Area" etc="10548" primaryidfield="ppcc_inspectiontypeareaid" primarynamefield="ppcc_name" disableplugins="true">
    <fields>
      <field displayname="Name" name="ppcc_name" type="string" customfield="true" />
      <field displayname="Inspection Area" name="ppcc_inspectionareaid" type="entityreference" lookupType="ppcc_inspectionarea" customfield="true" />
      <field displayname="Inspection Type" name="ppcc_inspectiontypeid" type="entityreference" lookupType="ppcc_inspectiontype" customfield="true" />
      <field displayname="Inspection Type Area" name="ppcc_inspectiontypeareaid" type="guid" primaryKey="true" />
    </fields>
  </entity>
  <entity name="ppcc_vehicle" displayname="Vehicle" etc="10549" primaryidfield="ppcc_vehicleid" primarynamefield="ppcc_name" disableplugins="true">
    <fields>
      <field displayname="Color" name="ppcc_color" type="optionsetvalue" customfield="true" />
      <field displayname="Contact" name="ppcc_contact" type="entityreference" lookupType="contact" customfield="true" />
      <field displayname="License Plate #" name="ppcc_licenseplate" type="string" customfield="true" />
      <field displayname="Make" name="ppcc_makeid" type="entityreference" lookupType="ppcc_vehiclemanufacturer" customfield="true" />
      <field displayname="Model" name="ppcc_modelid" type="entityreference" lookupType="ppcc_vehiclemodel" customfield="true" />
      <field displayname="Name" name="ppcc_name" type="string" customfield="true" />
      <field displayname="Registration Renewal Date" name="ppcc_registrationrenewaldate" type="datetime" customfield="true" />
      <field displayname="Trim" name="ppcc_trimid" type="entityreference" lookupType="ppcc_vehicletrim" customfield="true" />
      <field displayname="Vehicle" name="ppcc_vehicleid" type="guid" primaryKey="true" />
      <field displayname="VIN" name="ppcc_vin" type="string" customfield="true" />
      <field displayname="Year" name="ppcc_yearid" type="entityreference" lookupType="ppcc_vehiclemodelyear" customfield="true" />
    </fields>
  </entity>
  <entity name="ppcc_vehiclemanufacturer" displayname="Vehicle Manufacturer" etc="10550" primaryidfield="ppcc_vehiclemanufacturerid" primarynamefield="ppcc_manufacturername" disableplugins="true">
    <fields>
      <field displayname="Vehicle Manufacturer" name="ppcc_vehiclemanufacturerid" type="guid" primaryKey="true" />
      <field displayname="Manufacturer Name" name="ppcc_manufacturername" type="string" customfield="true" />
    </fields>
  </entity>
  <entity name="ppcc_vehiclemodel" displayname="Vehicle Model" etc="10551" primaryidfield="ppcc_vehiclemodelid" primarynamefield="ppcc_modelname" disableplugins="true">
    <fields>
      <field displayname="Vehicle Model" name="ppcc_vehiclemodelid" type="guid" primaryKey="true" />
      <field displayname="Manufacturer" name="ppcc_manufacturerid" type="entityreference" lookupType="ppcc_vehiclemanufacturer" customfield="true" />
      <field displayname="Model Name" name="ppcc_modelname" type="string" customfield="true" />
    </fields>
  </entity>
  <entity name="ppcc_vehiclemodelyear" displayname="Vehicle Model Year" etc="10552" primaryidfield="ppcc_vehiclemodelyearid" primarynamefield="ppcc_vehiclemodelyearname" disableplugins="true">
    <fields>
      <field displayname="Model" name="ppcc_modelid" type="entityreference" lookupType="ppcc_vehiclemodel" customfield="true" />
      <field displayname="Model Year" name="ppcc_modelyear" type="entityreference" lookupType="ppcc_vehiclemodelyear" customfield="true" />
      <field displayname="Vehicle Model Year" name="ppcc_vehiclemodelyearid" type="guid" primaryKey="true" />
      <field displayname="Vehicle Model Year Name" name="ppcc_vehiclemodelyearname" type="string" customfield="true" />
    </fields>
  </entity>
  <entity name="ppcc_vehicletrim" displayname="Vehicle Trim" etc="10553" primaryidfield="ppcc_vehicletrimid" primarynamefield="ppcc_vehicletrimname" disableplugins="true">
    <fields>
      <field displayname="Model" name="ppcc_model" type="entityreference" lookupType="ppcc_vehiclemodel" customfield="true" />
      <field displayname="Vehicle Model Year Name" name="ppcc_vehiclemodelyearnameid" type="entityreference" lookupType="ppcc_vehiclemodelyear" customfield="true" />
      <field displayname="Vehicle Trim" name="ppcc_vehicletrimid" type="guid" primaryKey="true" />
      <field displayname="Vehicle Trim Name" name="ppcc_vehicletrimname" type="string" customfield="true" />
    </fields>
  </entity>
  <entity name="ppcc_inspection" displayname="Inspection" etc="10486" primaryidfield="ppcc_inspectionid" primarynamefield="ppcc_inspectionnumber" disableplugins="true">
    <fields>
      <field displayname="Issues Found?" name="ppcc_issuesfound" type="bool" customfield="true" />
      <field displayname="Inspection Number" name="ppcc_inspectionnumber" type="string" customfield="true" />
      <field displayname="Inspection" name="ppcc_inspectionid" type="guid" primaryKey="true" />
      <field displayname="Dropped Off Time" name="ppcc_dropofftime" type="datetime" customfield="true" />
      <field displayname="Customer" name="ppcc_customerid" type="entityreference" lookupType="contact" customfield="true" />
      <field displayname="Completion Time" name="ppcc_completiontime" type="datetime" customfield="true" />
      <field displayname="Created On" name="createdon" type="datetime" />
      <field displayname="Odometer" name="ppcc_odometer" type="number" customfield="true" />
      <field displayname="Odometer Unit" name="ppcc_odometerunit" type="optionsetvalue" customfield="true" />
      <field displayname="Repairs Completed On" name="ppcc_repairscompletedon" type="datetime" customfield="true" />
      <field displayname="Scheduled Time" name="ppcc_appointmenttime" type="datetime" customfield="true" />
      <field displayname="Start Time" name="ppcc_starttime" type="datetime" customfield="true" />
      <field displayname="Vehicle" name="ppcc_vehicleid" type="entityreference" lookupType="ppcc_vehicle" customfield="true" />
      <field displayname="Technician" name="ppcc_technicianid" type="entityreference" lookupType="systemuser" customfield="true" />
      <field displayname="Vehicle Picked Up On" name="ppcc_pickuptime" type="datetime" customfield="true" />
      <field displayname="Type of Inspection" name="ppcc_inspectiontypeid" type="entityreference" lookupType="ppcc_inspectiontype" customfield="true" />
    </fields>
  </entity>
  <entity name="ppcc_repairquote" displayname="Repair Quote" etc="10465" primaryidfield="ppcc_repairquoteid" primarynamefield="ppcc_name" disableplugins="true">
    <fields>
      <field displayname="Customer Decision" name="ppcc_customerdecision" type="optionsetvalue" customfield="true" />
      <field displayname="Inspection" name="ppcc_inspectionid" type="entityreference" lookupType="ppcc_inspection" customfield="true" />
      <field displayname="Name" name="ppcc_name" type="string" customfield="true" />
      <field displayname="Repair Quote" name="ppcc_repairquoteid" type="guid" primaryKey="true" />
      <field displayname="Quote Number" name="ppcc_quotenumber" type="string" customfield="true" />
      <field displayname="Total Estimated Costs" name="ppcc_totalestimatedcosts" type="money" customfield="true" />
      <field displayname="Total Estimated Costs (Base)" name="ppcc_totalestimatedcosts_base" type="money" customfield="true" />
    </fields>
  </entity>
  <entity name="ppcc_checklistitem" displayname="Checklist Item" etc="10596" primaryidfield="ppcc_checklistitemid" primarynamefield="ppcc_itemname" disableplugins="true">
    <fields>
      <field displayname="Checklist Item" name="ppcc_checklistitemid" type="guid" primaryKey="true" />
      <field displayname="Description" name="ppcc_itemname" type="string" customfield="true" />
      <field displayname="Inspection Area" name="ppcc_inspectionareaid" type="entityreference" lookupType="ppcc_inspectionarea" customfield="true" />
    </fields>
  </entity>
  <entity name="ppcc_inspectionchecklistitem" displayname="Inspection Checklist Item" etc="10608" primaryidfield="ppcc_inspectionchecklistitemid" primarynamefield="ppcc_name" disableplugins="true">
    <fields>
      <field displayname="Area Name" name="ppcc_areaname" type="string" customfield="true" />
      <field displayname="Completed On" name="ppcc_completedon" type="datetime" customfield="true" />
      <field displayname="Condition" name="ppcc_condition" type="optionsetvalue" customfield="true" />
      <field displayname="Inspection" name="ppcc_inspectionid" type="entityreference" lookupType="ppcc_inspection" customfield="true" />
      <field displayname="Inspection Checklist Item" name="ppcc_inspectionchecklistitemid" type="guid" primaryKey="true" />
      <field displayname="Name" name="ppcc_name" type="string" customfield="true" />
    </fields>
  </entity>
</entities>